review,sentiment
Would give zero stars if I could.,negative
The size runs way too small.,negative
Basic item that does the job.,neutral
"Five stars, will shop here again.",positive
Sturdy build and looks fantastic.,positive
"Terrible quality, ripped after one wear.",negative
"Acceptable quality, average build.",neutral
"Product is fine, service was slow.",neutral
Fabric feels like plastic.,negative
"Lovely product, arrived earlier than expected.",positive
Really happy with the fit and finish.,positive
Faded after a single wash.,negative
Zipper broke on first use.,negative
"Colour is fine, not exactly as shown.",neutral
"Very poor fit, sending it back.",negative
Neither impressed nor disappointed.,neutral
Excellent customer service and fast shipping.,positive
"Not as described, very disappointed.",negative
"Standard packaging, standard product.",neutral
"Exceeded my expectations, highly recommend.",positive
Awful smell out of the package.,negative
"Perfect gift, they loved it.",positive
"Serviceable, would consider alternatives.",neutral
"Waste of money, do not recommend.",negative
Product matches the description.,neutral
Bad stitching and cheap material.,negative
"Absolutely love this product, great quality!",positive
Delivery took the standard time.,neutral
Customer service was unhelpful.,negative
"Meets expectations, no wow factor.",neutral
"Very pleased, will recommend to friends.",positive
Fell apart within a week.,negative
Absolutely not worth the money.,negative
Arrived damaged and refund is slow.,negative
"It works, though I expected more.",neutral
"Great fabric, holds up well after washing.",positive
Bag strap snapped on day two.,negative
Average quality for the price.,neutral
Overpriced for what you get.,negative
It is what it is.,neutral
The shoes are stylish and very comfy.,positive
"Does the job, but nothing more.",neutral
Okay for the price paid.,neutral
The material feels premium and fits perfectly.,positive
Colour is completely different from photo.,negative
Completely misleading product listing.,negative
Beautiful design and very comfortable to wear.,positive
Rude support and long wait times.,negative
Fine for casual use.,neutral
"Fits as expected, no complaints.",neutral
Best purchase I have made this year.,positive
Not bad but not great either.,neutral
"Super fast delivery, item as described.",positive
"Quality is top-notch, worth every penny.",positive
"Exactly what I wanted, thank you!",positive
Excellent stitching and beautiful colour.,positive
"Mid-range item, decent value.",neutral
"Fantastic value for money, will buy again.",positive
Amazing colours and the size chart was accurate.,positive
"It is okay, nothing special.",neutral
